method,epoch,quality_score
linear,1,-0.002294398514528302
linear,2,-0.004081267742054038
random,1,-0.0035984984521804132
random,2,-0.0009281141633935413
spectral,1,-0.002120223036602612
spectral,2,-0.00123407185699019
